step,energy_dft,energy_bias,energy,volume_a3
0,-253.87407488796345,1.1304220279514456,-252.743652860012,66.43012500000002
1,-253.87431020402295,1.1143105206416146,-252.75999968338132,66.43012500000002
2,-253.87755731981719,1.0668224731324492,-252.81073484668474,66.43012500000002
3,-253.8912066682552,0.990438571073121,-252.90076809718207,66.43012500000002
4,-253.9243404168515,0.8891992519002014,-253.03514116495128,66.43012500000002
5,-253.98361090333904,0.7685544037151839,-253.21505649962387,66.43012500000002
6,-254.07201060174103,0.635161050347253,-253.43684955139378,66.43012500000002
7,-254.1878322981758,0.4966079312478531,-253.69122436692794,66.43012500000002
8,-254.32054710121395,0.36107211814951207,-253.95947498306444,66.43012500000002
9,-254.45098124783058,0.23691555083529328,-254.21406569699528,66.43012500000002
10,-254.55761655200433,0.13222639921833015,-254.425390152786,66.43012500000002
11,-254.62016499228056,0.05433755927748703,-254.56582743300308,66.43012500000002
12,-254.62106814425331,0.009376404373364306,-254.61169173987994,66.43012500000002
13,-254.57097846741695,0.0018850902985600307,-254.56909337711838,66.43012500000002
14,-254.49353161260888,0.034533576137977494,-254.4589980364709,66.43012500000002
15,-254.43032214276056,0.10800912803332187,-254.32231301472723,66.43012500000002
